Swaption Type,Real IV,Real Price
1x1,1.1499,0.00285088
1x2,0.726947,0.0071807
1x3,0.540885,0.0117902
1x4,0.439657,0.0160847
1x5,0.378882,0.0205215
1x6,0.339931,0.0242382
1x7,0.313522,0.0277664
1x8,0.294273,0.0313854
1x9,0.279632,0.0347818
1x10,0.268112,0.0373625
2x1,0.544053,0.00609135
2x2,0.435353,0.0122265
2x3,0.368863,0.0180937
2x4,0.327623,0.0237302
2x5,0.300354,0.0292183
2x6,0.281565,0.0342085
2x7,0.267714,0.0387541
2x8,0.256848,0.0435465
2x9,0.248262,0.0477106
2x10,0.241193,0.0512022
3x1,0.367526,0.00746862
3x2,0.32118,0.0147136
3x3,0.291909,0.0215594
3x4,0.272283,0.0281802
3x5,0.258653,0.0344865
3x6,0.24847,0.0403342
3x7,0.240322,0.0455374
3x8,0.233798,0.0514418
3x9,0.228354,0.0561405
3x10,0.225227,0.0596603
4x1,0.288447,0.00825427
4x2,0.26725,0.0161976
4x3,0.252844,0.0237006
4x4,0.242786,0.0308957
4x5,0.235143,0.0375476
4x6,0.228864,0.0438268
4x7,0.223761,0.0494566
4x8,0.219435,0.0555751
4x9,0.21727,0.0605927
4x10,0.214169,0.0645528
5x1,0.251282,0.00873365
5x2,0.240274,0.0172867
5x3,0.232584,0.0252788
5x4,0.226585,0.0323953
5x5,0.221527,0.039399
5x6,0.217319,0.0457703
5x7,0.213705,0.0516081
5x8,0.212231,0.05757
5x9,0.20957,0.0628982
5x10,0.206142,0.0674185
6x1,0.232575,0.00906681
6x2,0.226458,0.0176923
6x3,0.221487,0.0257525
6x4,0.217114,0.0332803
6x5,0.213445,0.0404123
6x6,0.210254,0.0469782
6x7,0.209315,0.0524448
6x8,0.206921,0.0584199
6x9,0.203613,0.0643385
6x10,0.204766,0.0681746
7x1,0.222969,0.00911907
7x2,0.218525,0.0178912
7x3,0.214471,0.025733
7x4,0.211091,0.0330051
7x5,0.208151,0.0396446
7x6,0.207712,0.0462306
7x7,0.205471,0.0518079
7x8,0.202119,0.0586858
7x9,0.203688,0.063532
7x10,0.20393,0.0671602
8x1,0.216565,0.00896582
8x2,0.212614,0.0175986
8x3,0.209473,0.0254135
8x4,0.206702,0.0325878
8x5,0.206846,0.0391456
8x6,0.20468,0.0456616
8x7,0.201168,0.0517781
8x8,0.2033,0.0569628
8x9,0.203708,0.0620135
8x10,0.202898,0.0669306
9x1,0.211024,0.0089101
9x2,0.208194,0.0172089
9x3,0.205603,0.0249857
9x4,0.206541,0.0316251
9x5,0.204377,0.0381801
9x6,0.20062,0.0448233
9x7,0.203364,0.0495471
9x8,0.204067,0.0547086
9x9,0.203293,0.0600524
9x10,0.201402,0.0654123
10x1,0.207621,0.00862071
10x2,0.205133,0.0165514
10x3,0.207198,0.0235578
10x4,0.204771,0.0304306
10x5,0.200604,0.0371584
10x6,0.204104,0.0423978
10x7,0.205068,0.0475217
10x8,0.204262,0.0533693
10x9,0.20219,0.0587923
10x10,0.199251,0.0633873
